source,company_name,company_url,job_title,job_url
herp,株式会社eiicon,https://herp.careers/careers/companies/eiicon,00_【Platform事業本部／MGR候補】イノベーションプランナー／プラットフォームセールス,https://herp.careers/careers/companies/eiicon/jobs/HPmeiFPnJa1Z
herp,株式会社eiicon,https://herp.careers/careers/companies/eiicon,01_【東海支社／Platform事業本部】イノベーションプランナー／プラットフォームセールス,https://herp.careers/careers/companies/eiicon/jobs/OMfoMjC_THck
herp,株式会社eiicon,https://herp.careers/careers/companies/eiicon,02_【関西支社／Platform事業本部】イノベーションプランナー／プラットフォームセールス,https://herp.careers/careers/companies/eiicon/jobs/iBznbDkS8t_x
herp,株式会社eiicon,https://herp.careers/careers/companies/eiicon,10_【Consulting事業本部】イノベーションコンダクター（インサイドセールス/リードナーチャリング）,https://herp.careers/careers/companies/eiicon/jobs/jPvt9xGZcv_I
herp,株式会社eiicon,https://herp.careers/careers/companies/eiicon,11_【Consulting事業本部】インキュベーションセールス,https://herp.careers/careers/companies/eiicon/jobs/S-I7opp39j_M
herp,株式会社eiicon,https://herp.careers/careers/companies/eiicon,12_【Consulting事業本部】オープンイノベーション実践支援コンサルタント,https://herp.careers/careers/companies/eiicon/jobs/a8Ym6xnZ3dhx
herp,株式会社eiicon,https://herp.careers/careers/companies/eiicon,20_【地域イノベーション推進部/オープンイノベーション実践支援】Sales＆Consultant,https://herp.careers/careers/companies/eiicon/jobs/0X4-Lzh2f3gb
herp,株式会社eiicon,https://herp.careers/careers/companies/eiicon,21_【地域イノベーション推進部/オープンイノベーション実践支援】Project Manager/Director,https://herp.careers/careers/companies/eiicon/jobs/Z8e12g5csvTY
herp,株式会社eiicon,https://herp.careers/careers/companies/eiicon,22_【東海支社】インキュベーションセールス,https://herp.careers/careers/companies/eiicon/jobs/OhLhGylN6Lro
herp,株式会社eiicon,https://herp.careers/careers/companies/eiicon,23_【東海支社/オープンイノベーション実践支援】セールス／コンサルタント,https://herp.careers/careers/companies/eiicon/jobs/ODHaN5TESkSi
herp,株式会社eiicon,https://herp.careers/careers/companies/eiicon,30_【インキュベーションクオリティ室】事業開発コンサルタント,https://herp.careers/careers/companies/eiicon/jobs/gDPjAC6jrSI9
herp,株式会社eiicon,https://herp.careers/careers/companies/eiicon,31_【アライアンス推進室】アライアンスセールス,https://herp.careers/careers/companies/eiicon/jobs/3LS50ZBj3wOv
herp,株式会社eiicon,https://herp.careers/careers/companies/eiicon,40_【事業推進本部】マーケティング,https://herp.careers/careers/companies/eiicon/jobs/lnZZ8LSpETAw
herp,株式会社eiicon,https://herp.careers/careers/companies/eiicon,41_【事業推進本部】広報,https://herp.careers/careers/companies/eiicon/jobs/glnFlcg6gE23
herp,株式会社eiicon,https://herp.careers/careers/companies/eiicon,50_【開発部】バックエンドエンジニア,https://herp.careers/careers/companies/eiicon/jobs/4s2FCcm82dGM
herp,株式会社eiicon,https://herp.careers/careers/companies/eiicon,51_【開発部】フロントエンドエンジニア,https://herp.careers/careers/companies/eiicon/jobs/enoRU-JfvUi4
herp,株式会社eiicon,https://herp.careers/careers/companies/eiicon,52_【開発部】PdM,https://herp.careers/careers/companies/eiicon/jobs/tZoG6_IrT5yM
herp,株式会社eiicon,https://herp.careers/careers/companies/eiicon,53_【事業推進本部】情報システム責任者,https://herp.careers/careers/companies/eiicon/jobs/dHAoXxUDrQ1Y
herp,株式会社eiicon,https://herp.careers/careers/companies/eiicon,64_【管理本部】法務,https://herp.careers/careers/companies/eiicon/jobs/KLO88uTH5XdD
herp,株式会社eiicon,https://herp.careers/careers/companies/eiicon,98_【オープンポジション】第二新卒/ポテンシャル枠,https://herp.careers/careers/companies/eiicon/jobs/8YEkLcsGoHx0
herp,株式会社eiicon,https://herp.careers/careers/companies/eiicon,99_オープンポジション,https://herp.careers/careers/companies/eiicon/jobs/Vb-gvvQrBnUM
herp,株式会社eiicon,https://herp.careers/careers/companies/eiicon,03_【Platform事業本部】イノベーションアドバイザー,https://herp.careers/careers/companies/eiicon/jobs/v5qgyQMivqSE
herp,株式会社eiicon,https://herp.careers/careers/companies/eiicon,13_【大手企業/地域支援プロジェクト担当】オープンイノベーション実践支援プロジェクトディレクター,https://herp.careers/careers/companies/eiicon/jobs/hd1at0h-5hy0
herp,株式会社eiicon,https://herp.careers/careers/companies/eiicon,15_【Consulting事業本部】大手企業支援/プロジェクトディレクター,https://herp.careers/careers/companies/eiicon/jobs/iIPboJJlQZDa
herp,株式会社eiicon,https://herp.careers/careers/companies/eiicon,24_【東海支社/オープンイノベーション実践支援】プロジェクトディレクター,https://herp.careers/careers/companies/eiicon/jobs/XLTRsrdwQLNr
herp,株式会社eiicon,https://herp.careers/careers/companies/eiicon,60_【人事本部】人事部次期MGR候補,https://herp.careers/careers/companies/eiicon/jobs/Q6G3iTYNe2Oj
herp,株式会社eiicon,https://herp.careers/careers/companies/eiicon,61_【人事本部】採用人事,https://herp.careers/careers/companies/eiicon/jobs/9NbcGqVmcTWN
herp,株式会社eiicon,https://herp.careers/careers/companies/eiicon,62_【人事本部】採用アシスタント,https://herp.careers/careers/companies/eiicon/jobs/2KnROXq3FAtk
herp,株式会社eiicon,https://herp.careers/careers/companies/eiicon,70_インターン,https://herp.careers/careers/companies/eiicon/jobs/9tK3_QDI0ykS
herp,株式会社eiicon,https://herp.careers/careers/companies/eiicon,71_【総合職】2026年新卒採用,https://herp.careers/careers/companies/eiicon/jobs/qVI5gMbQbouC
herp,株式会社eiicon,https://herp.careers/careers/companies/eiicon,72_【総合職】2027年新卒採用,https://herp.careers/careers/companies/eiicon/jobs/LrPakKNwPFrk
herp,テックタッチ株式会社,https://herp.careers/careers/companies/techtouch,AIセールス,https://herp.careers/careers/companies/techtouch/jobs/xE-KvIUfGUKd
herp,テックタッチ株式会社,https://herp.careers/careers/companies/techtouch,【AI Agent新規事業】ファウンディングエンジニア（社長直下・0→1フェーズ）,https://herp.careers/careers/companies/techtouch/jobs/yiCU62aQeo10
herp,テックタッチ株式会社,https://herp.careers/careers/companies/techtouch,【Biz】CXチーム BizDev,https://herp.careers/careers/companies/techtouch/jobs/S6YVMgPPkYQ1
herp,テックタッチ株式会社,https://herp.careers/careers/companies/techtouch,【Biz】CXチーム インサイドセールス（BDR）,https://herp.careers/careers/companies/techtouch/jobs/Ndd-uN7xfkjf
herp,テックタッチ株式会社,https://herp.careers/careers/companies/techtouch,【Biz】CXチーム カスタマーサクセスマネージャー,https://herp.careers/careers/companies/techtouch/jobs/HwMUSCtZFHhz
herp,テックタッチ株式会社,https://herp.careers/careers/companies/techtouch,【Biz】EX_インサイドセールス（BDR）,https://herp.careers/careers/companies/techtouch/jobs/UgJf09m1EC5d
herp,テックタッチ株式会社,https://herp.careers/careers/companies/techtouch,【Biz】EXチーム CS Strategy / Operations,https://herp.careers/careers/companies/techtouch/jobs/s2GFLPQhjHHY
herp,テックタッチ株式会社,https://herp.careers/careers/companies/techtouch,【Biz】EXチーム コンサルタント,https://herp.careers/careers/companies/techtouch/jobs/DFak_GJMmvNq
herp,テックタッチ株式会社,https://herp.careers/careers/companies/techtouch,【Biz】EXチーム シニアコンサルタント／BizDev,https://herp.careers/careers/companies/techtouch/jobs/rtAoSAbJKcNq
herp,テックタッチ株式会社,https://herp.careers/careers/companies/techtouch,【Biz】EXチーム ストラテジックアカウントディレクター（最大手企業専属担当営業）,https://herp.careers/careers/companies/techtouch/jobs/tED9A7_lYbB5
herp,テックタッチ株式会社,https://herp.careers/careers/companies/techtouch,【Biz】インサイドセールス,https://herp.careers/careers/companies/techtouch/jobs/4J1dOWce6VI-
herp,テックタッチ株式会社,https://herp.careers/careers/companies/techtouch,【Biz】カスタマーサクセス,https://herp.careers/careers/companies/techtouch/jobs/CtjOttTqLOcN
herp,テックタッチ株式会社,https://herp.careers/careers/companies/techtouch,【Biz】カスタマーサクセス（執行役員 VP of Customer Success直下_次世代リーダー候補ポジション）,https://herp.careers/careers/companies/techtouch/jobs/8UszSEGPcJTF
herp,テックタッチ株式会社,https://herp.careers/careers/companies/techtouch,【Biz】プロジェクトマネジメント経験を活かせる！DX推進のためのシニアカスタマーサクセスマネジャー募集（リモート勤務OK）_CXチーム,https://herp.careers/careers/companies/techtouch/jobs/kwMm3Q97Vzk0
herp,テックタッチ株式会社,https://herp.careers/careers/companies/techtouch,【Biz】公共チーム カスタマーサクセス,https://herp.careers/careers/companies/techtouch/jobs/G1A72ft543l3
herp,テックタッチ株式会社,https://herp.careers/careers/companies/techtouch,【Biz】新規事業責任者候補(CEO/CPO直下の事業開発),https://herp.careers/careers/companies/techtouch/jobs/t--uXuRIK8JN
herp,テックタッチ株式会社,https://herp.careers/careers/companies/techtouch,【Corp】CFO / VP of Finance候補,https://herp.careers/careers/companies/techtouch/jobs/KzqjZKjz5pAw
herp,テックタッチ株式会社,https://herp.careers/careers/companies/techtouch,【Corp】採用人事（HR）,https://herp.careers/careers/companies/techtouch/jobs/kiSEm2Ob5wnn
herp,テックタッチ株式会社,https://herp.careers/careers/companies/techtouch,【Prod】AIアプリケーションエンジニア (LLM/RAG),https://herp.careers/careers/companies/techtouch/jobs/BiR2Wfhat2NI
herp,テックタッチ株式会社,https://herp.careers/careers/companies/techtouch,【Prod】Engineering Office,https://herp.careers/careers/companies/techtouch/jobs/6ViVaKfjv5KE
herp,テックタッチ株式会社,https://herp.careers/careers/companies/techtouch,【Prod】QAエンジニア,https://herp.careers/careers/companies/techtouch/jobs/IRLRUZdKvd92
herp,テックタッチ株式会社,https://herp.careers/careers/companies/techtouch,【Prod】SET (Software Engineering in Test),https://herp.careers/careers/companies/techtouch/jobs/ERFFsZ0HBpp0
herp,テックタッチ株式会社,https://herp.careers/careers/companies/techtouch,【Prod】SRE&Platform,https://herp.careers/careers/companies/techtouch/jobs/D2mkye2Dl-c7
herp,テックタッチ株式会社,https://herp.careers/careers/companies/techtouch,【Prod】SRE&Platformスペシャリスト,https://herp.careers/careers/companies/techtouch/jobs/bQ_lsose7hny
herp,テックタッチ株式会社,https://herp.careers/careers/companies/techtouch,【Prod】カスタマーサクセスエンジニア（ISE）,https://herp.careers/careers/companies/techtouch/jobs/hsDs_X6--XME
herp,テックタッチ株式会社,https://herp.careers/careers/companies/techtouch,【Prod】カスタマーサクセスエンジニア（TSE）,https://herp.careers/careers/companies/techtouch/jobs/58GB1IuCnstM
herp,テックタッチ株式会社,https://herp.careers/careers/companies/techtouch,【Prod】データエンジニア,https://herp.careers/careers/companies/techtouch/jobs/ZsFBWeMUGKCJ
herp,テックタッチ株式会社,https://herp.careers/careers/companies/techtouch,【Prod】バックエンドエンジニア（スペシャリスト）,https://herp.careers/careers/companies/techtouch/jobs/qSA5zlRdci9Z
herp,テックタッチ株式会社,https://herp.careers/careers/companies/techtouch,【Prod】フロントエンドエンジニア,https://herp.careers/careers/companies/techtouch/jobs/829j8N6ujno1
herp,テックタッチ株式会社,https://herp.careers/careers/companies/techtouch,【Prod】生成AIを使って「テックタッチ」を進化させるソフトウェアエンジニア,https://herp.careers/careers/companies/techtouch/jobs/RAsd17fgYjZc
herp,テックタッチ株式会社,https://herp.careers/careers/companies/techtouch,【急成長SaaS】顧客の業務課題をAIで解決する新規事業の事業開発メンバー,https://herp.careers/careers/companies/techtouch/jobs/v8hUO2A96AwE
herp,テックタッチ株式会社,https://herp.careers/careers/companies/techtouch,【新規事業】AI Central Voice(P)_AI/LLMエンジニア(リードクラス),https://herp.careers/careers/companies/techtouch/jobs/a7jdZvSDP8l1
herp,テックタッチ株式会社,https://herp.careers/careers/companies/techtouch,【新規事業】AI Central Voice(P)_PdM,https://herp.careers/careers/companies/techtouch/jobs/qJce6yosET5Y
herp,テックタッチ株式会社,https://herp.careers/careers/companies/techtouch,【新規事業】AI Central Voice(P)_データエンジニア,https://herp.careers/careers/companies/techtouch/jobs/wSWUnTkYWF4H
herp,テックタッチ株式会社,https://herp.careers/careers/companies/techtouch,【新規事業】AI Central Voice(P)_バックエンドエンジニア,https://herp.careers/careers/companies/techtouch/jobs/Wnnbp20QMW3l
herp,テックタッチ株式会社,https://herp.careers/careers/companies/techtouch,【新規事業】AI Central Voice(P)_バックエンドエンジニア（テックリード）,https://herp.careers/careers/companies/techtouch/jobs/Q8Ax04Kwkm6m
herp,テックタッチ株式会社,https://herp.careers/careers/companies/techtouch,【新規事業】AI Central Voice(P)_フロントエンドエンジニア,https://herp.careers/careers/companies/techtouch/jobs/DCb5Qsk0iSAI
herp,テックタッチ株式会社,https://herp.careers/careers/companies/techtouch,【新規事業】AI Central Voice(P)_フロントエンドエンジニア（テックリード）,https://herp.careers/careers/companies/techtouch/jobs/ZSHO8BDwgpoy
herp,テックタッチ株式会社,https://herp.careers/careers/companies/techtouch,【新規事業】AI Central Voice(P)_事業部CTO候補,https://herp.careers/careers/companies/techtouch/jobs/-Qf6LGNSBwT1
herp,テックタッチ株式会社,https://herp.careers/careers/companies/techtouch,【新規事業】AI Central Voice_AI business development,https://herp.careers/careers/companies/techtouch/jobs/KVLNGVWOwe-M
herp,テックタッチ株式会社,https://herp.careers/careers/companies/techtouch,【新規事業】AI Central Voice_Head of AI business development候補,https://herp.careers/careers/companies/techtouch/jobs/gRbiztufdXU0
herp,テックタッチ株式会社,https://herp.careers/careers/companies/techtouch,業務委託_ 【新規事業】AI Central Voice(P)_フロントエンドエンジニア,https://herp.careers/careers/companies/techtouch/jobs/taGJTOM2d3-Z
herp,テックタッチ株式会社,https://herp.careers/careers/companies/techtouch,業務委託_【新規事業】AI Central Voice(P)_データエンジニア,https://herp.careers/careers/companies/techtouch/jobs/aEuhZaz0PGv2
herp,テックタッチ株式会社,https://herp.careers/careers/companies/techtouch,業務委託_【新規事業】AI Central Voice_フルスタックエンジニア,https://herp.careers/careers/companies/techtouch/jobs/lGIyUgSkYvh5
herp,テックタッチ株式会社,https://herp.careers/careers/companies/techtouch,【Biz】CXチーム アカウントエグゼクティブ(AE),https://herp.careers/careers/companies/techtouch/jobs/_VCzpAJe124h
herp,テックタッチ株式会社,https://herp.careers/careers/companies/techtouch,【Biz】EXチーム アカウントエグゼクティブ,https://herp.careers/careers/companies/techtouch/jobs/O2SA3i3neQO6
herp,テックタッチ株式会社,https://herp.careers/careers/companies/techtouch,【Biz】EXチーム シニアアカウントエグゼクティブ,https://herp.careers/careers/companies/techtouch/jobs/LEIbReiuzarp
herp,テックタッチ株式会社,https://herp.careers/careers/companies/techtouch,【Biz】GROWTH LEADERS採用｜ビジネス職,https://herp.careers/careers/companies/techtouch/jobs/qD-NP1wgY7YZ
herp,テックタッチ株式会社,https://herp.careers/careers/companies/techtouch,【Biz】プロフェッショナルサービス,https://herp.careers/careers/companies/techtouch/jobs/cuUr5Nv2KSd7
herp,テックタッチ株式会社,https://herp.careers/careers/companies/techtouch,【Corp】採用アシスタント（フルリモート可）,https://herp.careers/careers/companies/techtouch/jobs/S3yYJwuuuSDf
herp,テックタッチ株式会社,https://herp.careers/careers/companies/techtouch,【Prod】Head of Product Management 候補,https://herp.careers/careers/companies/techtouch/jobs/XpUiW8sQ222Q
herp,テックタッチ株式会社,https://herp.careers/careers/companies/techtouch,【Prod】LLMシニアリサーチャー,https://herp.careers/careers/companies/techtouch/jobs/7DuCUemOIl_G
herp,テックタッチ株式会社,https://herp.careers/careers/companies/techtouch,【Prod】カジュアル面談受付（プロダクトチーム向け）,https://herp.careers/careers/companies/techtouch/jobs/B0tEJYTVHWpM
herp,テックタッチ株式会社,https://herp.careers/careers/companies/techtouch,【新規事業】AI Central Voice_AI Consulting,https://herp.careers/careers/companies/techtouch/jobs/5Jck3jwRzVde
herp,テックタッチ株式会社,https://herp.careers/careers/companies/techtouch,【新規事業】AI Central Voice_Head of AI Consulting 候補,https://herp.careers/careers/companies/techtouch/jobs/HLWB3huudx7l
herp,テックタッチ株式会社,https://herp.careers/careers/companies/techtouch,【新規事業】AI Central Voice_採用責任者,https://herp.careers/careers/companies/techtouch/jobs/YX6Ci3v5SBqk
herp,テックタッチ株式会社,https://herp.careers/careers/companies/techtouch,社長室 - 戦略推進責任者（社内AI戦略・新規事業）,https://herp.careers/careers/companies/techtouch/jobs/7AHTobmCxLgl
herp,テックタッチ株式会社,https://herp.careers/careers/companies/techtouch,社長室 - 社内AI戦略推進責任者,https://herp.careers/careers/companies/techtouch/jobs/clYZxFPEjBli
herp,株式会社アガルートホールディングス,https://herp.careers/careers/companies/agaroot,Webデザイナー・コーダーアシスタント,https://herp.careers/careers/companies/agaroot/jobs/NXaMlkSlvdju
herp,株式会社アガルートホールディングス,https://herp.careers/careers/companies/agaroot,【パート・アルバイト】契約書作成事務スタッフ（人事）,https://herp.careers/careers/companies/agaroot/jobs/B9ETvqLaryjJ
herp,株式会社アガルートホールディングス,https://herp.careers/careers/companies/agaroot,【未経験可】Webマーケター,https://herp.careers/careers/companies/agaroot/jobs/XB5r2euHSg5u
herp,株式会社アガルートホールディングス,https://herp.careers/careers/companies/agaroot,【未経験可】カウンタ―セールス,https://herp.careers/careers/companies/agaroot/jobs/vuVSoh6IsYBO
herp,株式会社アガルートホールディングス,https://herp.careers/careers/companies/agaroot,【未経験可】経営企画・事業開発・M＆A,https://herp.careers/careers/companies/agaroot/jobs/cN0DIHXU6GkM
herp,株式会社アガルートホールディングス,https://herp.careers/careers/companies/agaroot,【業務委託】オンライン資格スクールのカウンセリング営業スタッフ,https://herp.careers/careers/companies/agaroot/jobs/FMrshigdrqmg
herp,株式会社アガルートホールディングス,https://herp.careers/careers/companies/agaroot,【業務委託】グラフィック・エディトリアルデザイナー,https://herp.careers/careers/companies/agaroot/jobs/XTUV39lllx8Q
herp,株式会社アガルートホールディングス,https://herp.careers/careers/companies/agaroot,【業務委託】マーケティングスタッフ,https://herp.careers/careers/companies/agaroot/jobs/y9Kmebz3WztY
herp,株式会社アガルートホールディングス,https://herp.careers/careers/companies/agaroot,【業務委託】事務スタッフ,https://herp.careers/careers/companies/agaroot/jobs/5Sn0MTxlw_Q-
herp,株式会社アガルートホールディングス,https://herp.careers/careers/companies/agaroot,【業務委託】答案添削事務局の事務作業（回収・返却）,https://herp.careers/careers/companies/agaroot/jobs/BGxTHAsJ2qRq
herp,株式会社アガルートホールディングス,https://herp.careers/careers/companies/agaroot,インハウスSNSマーケター,https://herp.careers/careers/companies/agaroot/jobs/YBufkQOJG9xN
herp,株式会社アガルートホールディングス,https://herp.careers/careers/companies/agaroot,インハウスデザイナー（web・グラフィック）,https://herp.careers/careers/companies/agaroot/jobs/hp_IZjm8DSy5
herp,株式会社アガルートホールディングス,https://herp.careers/careers/companies/agaroot,インハウス・コンテンツSEO/YouTubeマーケター,https://herp.careers/careers/companies/agaroot/jobs/Ge8TWgLi5quI
herp,株式会社アガルートホールディングス,https://herp.careers/careers/companies/agaroot,事務アシスタント,https://herp.careers/careers/companies/agaroot/jobs/U7LGjSZbkL76
herp,株式会社アガルートホールディングス,https://herp.careers/careers/companies/agaroot,人事（採用）アシスタント,https://herp.careers/careers/companies/agaroot/jobs/uCiEC96mApIG
herp,株式会社アガルートホールディングス,https://herp.careers/careers/companies/agaroot,企画営業・法人営業,https://herp.careers/careers/companies/agaroot/jobs/MIDfSgGiZjsi
herp,株式会社アガルートホールディングス,https://herp.careers/careers/companies/agaroot,【アガルート】映像制作コントローラー（未経験可）,https://herp.careers/careers/companies/agaroot/jobs/Q13mri4mglu0
herp,株式会社アガルートホールディングス,https://herp.careers/careers/companies/agaroot,【インターン/アルバイト】学習コーチング（フルリモート）,https://herp.careers/careers/companies/agaroot/jobs/7YNCKab4GlG_
herp,株式会社アガルートホールディングス,https://herp.careers/careers/companies/agaroot,【未経験可】教材制作ポジション,https://herp.careers/careers/companies/agaroot/jobs/D3S-p2bJ1bO7
herp,株式会社アガルートホールディングス,https://herp.careers/careers/companies/agaroot,【業務委託】LINEアカウントプランナー,https://herp.careers/careers/companies/agaroot/jobs/oD2A4zvDvXta
herp,株式会社アガルートホールディングス,https://herp.careers/careers/companies/agaroot,【業務委託】SEOディレクター,https://herp.careers/careers/companies/agaroot/jobs/ci2FDfYUb73f
herp,株式会社アガルートホールディングス,https://herp.careers/careers/companies/agaroot,【業務委託】SNSアカウントプランナー,https://herp.careers/careers/companies/agaroot/jobs/RSNPB-lyK0S7
herp,株式会社アガルートホールディングス,https://herp.careers/careers/companies/agaroot,【業務委託】Webコラム記事管理スタッフ,https://herp.careers/careers/companies/agaroot/jobs/gJBpjHy9gefP
herp,株式会社アガルートホールディングス,https://herp.careers/careers/companies/agaroot,【業務委託】YouTubeディレクター,https://herp.careers/careers/companies/agaroot/jobs/bH3IJxd1UZn0
herp,株式会社アガルートホールディングス,https://herp.careers/careers/companies/agaroot,【業務委託】運用型広告プランナー,https://herp.careers/careers/companies/agaroot/jobs/1lnNu1oLeKe9
herp,株式会社アガルートホールディングス,https://herp.careers/careers/companies/agaroot,【経験者】M＆A担当,https://herp.careers/careers/companies/agaroot/jobs/xmVjH2hcCos6
herp,株式会社アガルートホールディングス,https://herp.careers/careers/companies/agaroot,インハウス運用型広告,https://herp.careers/careers/companies/agaroot/jobs/2wNMdyo6UN7V
herp,株式会社アガルートホールディングス,https://herp.careers/careers/companies/agaroot,学習コーチング（教務・指導部門）,https://herp.careers/careers/companies/agaroot/jobs/1sBcIz_62dQy
herp,株式会社アガルートホールディングス,https://herp.careers/careers/companies/agaroot,教材制作アシスタント,https://herp.careers/careers/companies/agaroot/jobs/dpne0ScScG6A
herp,株式会社アガルートホールディングス,https://herp.careers/careers/companies/agaroot,社内会計士・税理士,https://herp.careers/careers/companies/agaroot/jobs/CVHHkDNeRIle
herp,株式会社STAYGOLD,https://herp.careers/careers/companies/staygold,EC・オークション部門：カスタマーサポート,https://herp.careers/careers/companies/staygold/jobs/e1cAa4D1u3Gb
herp,株式会社STAYGOLD,https://herp.careers/careers/companies/staygold,EC・オークション部門：法人営業,https://herp.careers/careers/companies/staygold/jobs/gZQEEpB5201g
herp,株式会社STAYGOLD,https://herp.careers/careers/companies/staygold,PD本部：営業事務（アルバイト）,https://herp.careers/careers/companies/staygold/jobs/llni8rqeDsky
herp,株式会社STAYGOLD,https://herp.careers/careers/companies/staygold,マーケティング部門（BR）：インサイドセールス,https://herp.careers/careers/companies/staygold/jobs/6FtTGw3JWyuB
herp,株式会社STAYGOLD,https://herp.careers/careers/companies/staygold,マーケティング部門：QA（クリエイティブ戦略）,https://herp.careers/careers/companies/staygold/jobs/aTQ7-JEqnlLu
herp,株式会社STAYGOLD,https://herp.careers/careers/companies/staygold,マーケティング部門：SEOディレクター【リーダー候補】（SEO部）,https://herp.careers/careers/companies/staygold/jobs/110qqxlk1b3i
herp,株式会社STAYGOLD,https://herp.careers/careers/companies/staygold,マーケティング部門：SEOマーケター（SEO部）,https://herp.careers/careers/companies/staygold/jobs/8ncJPjL8NeKn
herp,株式会社STAYGOLD,https://herp.careers/careers/companies/staygold,マーケティング部門：SNS動画編集(正社員),https://herp.careers/careers/companies/staygold/jobs/lYklYtqoitVr
herp,株式会社STAYGOLD,https://herp.careers/careers/companies/staygold,マーケティング部門：WEBマーケティング【一般レイヤー】,https://herp.careers/careers/companies/staygold/jobs/1c2RkMV7plC9
herp,株式会社STAYGOLD,https://herp.careers/careers/companies/staygold,マーケティング部門：Webディレクター（クリエイティブ戦略）,https://herp.careers/careers/companies/staygold/jobs/FMoV3Jw0OgJC
herp,株式会社STAYGOLD,https://herp.careers/careers/companies/staygold,マーケティング部門：インサイドセールス（BRING）,https://herp.careers/careers/companies/staygold/jobs/xlP3LcuXF2Xg
herp,株式会社STAYGOLD,https://herp.careers/careers/companies/staygold,マーケティング部門：メディアコンテンツディレクター（SEO部）,https://herp.careers/careers/companies/staygold/jobs/nE9o2U3WohOu
herp,株式会社STAYGOLD,https://herp.careers/careers/companies/staygold,マーケティング部門：開発ディレクター（クリエイティブ戦略）,https://herp.careers/careers/companies/staygold/jobs/u1SxguUgbkjw
herp,株式会社STAYGOLD,https://herp.careers/careers/companies/staygold,営業部門（BRAND REVALUE）：本社郵送・出張買取査定スタッフ,https://herp.careers/careers/companies/staygold/jobs/8s00mlQXdzz0
herp,株式会社STAYGOLD,https://herp.careers/careers/companies/staygold,営業部門（BRAND REVALUE）：買取査定スタッフ（エージェント未経験枠）,https://herp.careers/careers/companies/staygold/jobs/yRD_W70QeyDq
herp,株式会社STAYGOLD,https://herp.careers/careers/companies/staygold,営業部門（BRAND REVALUE）：買取査定スタッフ（エージェント経験者枠）,https://herp.careers/careers/companies/staygold/jobs/0p9WWBcN8ALI
herp,株式会社STAYGOLD,https://herp.careers/careers/companies/staygold,営業部門（BRAND REVALUE）：買取査定スタッフ（スカウト用/SVレイヤー）,https://herp.careers/careers/companies/staygold/jobs/8Iq4Urjvuj_y
herp,株式会社STAYGOLD,https://herp.careers/careers/companies/staygold,営業部門（BRAND REVALUE）：買取査定スタッフ（スカウト用/店長レイヤー）,https://herp.careers/careers/companies/staygold/jobs/AAwmFPaqK1sp
herp,株式会社STAYGOLD,https://herp.careers/careers/companies/staygold,営業部門（BRAND REVALUE）：買取査定スタッフ（東日本）,https://herp.careers/careers/companies/staygold/jobs/mPY0BoexUPwP
herp,株式会社STAYGOLD,https://herp.careers/careers/companies/staygold,営業部門（BRAND REVALUE）：買取査定スタッフ（西日本）,https://herp.careers/careers/companies/staygold/jobs/6qWS2PRpzfx4
herp,株式会社STAYGOLD,https://herp.careers/careers/companies/staygold,営業部門（BRING）：バイヤー【全国】,https://herp.careers/careers/companies/staygold/jobs/sKZhWhWS6SZt
herp,株式会社STAYGOLD,https://herp.careers/careers/companies/staygold,営業部門（BRING）：店頭買取販売スタッフ 東日本エリア（都内・千葉・仙台・札幌）,https://herp.careers/careers/companies/staygold/jobs/nfOTcbRhyZnK
herp,株式会社STAYGOLD,https://herp.careers/careers/companies/staygold,営業部門（BRING）：店頭買取販売スタッフ 西日本エリア（大阪・京都・名古屋・福岡）,https://herp.careers/careers/companies/staygold/jobs/xXxAnC1w--XZ
herp,株式会社STAYGOLD,https://herp.careers/careers/companies/staygold,営業部門（BRING）：本社買取スタッフ,https://herp.careers/careers/companies/staygold/jobs/20Kp_IUFbmZY
herp,株式会社STAYGOLD,https://herp.careers/careers/companies/staygold,営業部門（BRING）：販売アルバイトスタッフ,https://herp.careers/careers/companies/staygold/jobs/nf3mf43nOz9d
herp,株式会社STAYGOLD,https://herp.careers/careers/companies/staygold,営業部門（BR）：バイヤー職（全国版/自社サイト用）,https://herp.careers/careers/companies/staygold/jobs/1vtGVTV6uIY5
herp,株式会社STAYGOLD,https://herp.careers/careers/companies/staygold,営業部門：店舗開発（営業企画）,https://herp.careers/careers/companies/staygold/jobs/z1ihi6Kym0c-
herp,株式会社STAYGOLD,https://herp.careers/careers/companies/staygold,管理部門：Salesforce開発スタッフ（テクノロジー戦略）,https://herp.careers/careers/companies/staygold/jobs/cOuqCZGhjR4O
herp,株式会社STAYGOLD,https://herp.careers/careers/companies/staygold,管理部門：コンプライアンス事務【アルバイト】（コーポレート）,https://herp.careers/careers/companies/staygold/jobs/uUuNA5K9wTPR
herp,株式会社STAYGOLD,https://herp.careers/careers/companies/staygold,管理部門：コンプライアンス（コーポレート）,https://herp.careers/careers/companies/staygold/jobs/73XVDAaiOI-t
herp,株式会社STAYGOLD,https://herp.careers/careers/companies/staygold,管理部門：ネットワークエンジニア（テクノロジー戦略）,https://herp.careers/careers/companies/staygold/jobs/eKQDNRnPczIy
herp,株式会社STAYGOLD,https://herp.careers/careers/companies/staygold,管理部門：情報システム（テクノロジー戦略）,https://herp.careers/careers/companies/staygold/jobs/G0zATW3M_9sA
herp,株式会社STAYGOLD,https://herp.careers/careers/companies/staygold,管理部門：経理【課長ポジション】（コーポレート）,https://herp.careers/careers/companies/staygold/jobs/3tYhPkOtxqND
herp,株式会社STAYGOLD,https://herp.careers/careers/companies/staygold,障害者雇用オープンポジション,https://herp.careers/careers/companies/staygold/jobs/GrxhIkhcGYC9
herp,株式会社STAYGOLD,https://herp.careers/careers/companies/staygold,障害者雇用：オープンポジション（WEB/DX）,https://herp.careers/careers/companies/staygold/jobs/kUlaYQQvUPvJ
herp,株式会社STAYGOLD,https://herp.careers/careers/companies/staygold,26新卒本選考／STAYGOLD_BRAND REVALUE事業部のエントリーページ,https://herp.careers/careers/companies/staygold/jobs/aPcbwofpsQQW
herp,株式会社STAYGOLD,https://herp.careers/careers/companies/staygold,26新卒本選考／STAYGOLD_BRING事業部のエントリーページ,https://herp.careers/careers/companies/staygold/jobs/1Ft47jSN3IkW
herp,株式会社STAYGOLD,https://herp.careers/careers/companies/staygold,EC・オークション部門：EC運営アルバイトスタッフ,https://herp.careers/careers/companies/staygold/jobs/j_bq68FKHpww
herp,株式会社STAYGOLD,https://herp.careers/careers/companies/staygold,EC・オークション部門：オークション運営,https://herp.careers/careers/companies/staygold/jobs/Ffq0ftfql95D
herp,株式会社STAYGOLD,https://herp.careers/careers/companies/staygold,EC・オークション部門：オークション運営（アルバイト）,https://herp.careers/careers/companies/staygold/jobs/olnCyuPR3Ssg
herp,株式会社STAYGOLD,https://herp.careers/careers/companies/staygold,EC・オークション部門：査定課,https://herp.careers/careers/companies/staygold/jobs/O2onPnZl1Nuy
herp,株式会社STAYGOLD,https://herp.careers/careers/companies/staygold,PD本部：セラー（時計・ジュエリー）,https://herp.careers/careers/companies/staygold/jobs/QPUHrUDFK4K-
herp,株式会社STAYGOLD,https://herp.careers/careers/companies/staygold,PD本部：バイヤー（時計・ブランド・ジュエリー）,https://herp.careers/careers/companies/staygold/jobs/1ySWnLXNyrZ2
herp,株式会社STAYGOLD,https://herp.careers/careers/companies/staygold,【説明会エントリー】26新卒／BRAND REVALUE事業部,https://herp.careers/careers/companies/staygold/jobs/Tz6qZsu2pdVw
herp,株式会社STAYGOLD,https://herp.careers/careers/companies/staygold,【説明会エントリー】26新卒／BRING事業部,https://herp.careers/careers/companies/staygold/jobs/jE4JVB25gGwk
herp,株式会社STAYGOLD,https://herp.careers/careers/companies/staygold,管理部門：ビジネスアナリスト（経営戦略）,https://herp.careers/careers/companies/staygold/jobs/4VwzlAKXhrYJ
herp,株式会社STAYGOLD,https://herp.careers/careers/companies/staygold,障害者雇用：フルフィルメント,https://herp.careers/careers/companies/staygold/jobs/HwwIzo0SdqR6
herp,株式会社STAYGOLD,https://herp.careers/careers/companies/staygold,障害者雇用：商品管理スタッフ,https://herp.careers/careers/companies/staygold/jobs/vVVxqmR3tScw
herp,ROSCA株式会社,https://herp.careers/careers/companies/rosca,営業事務,https://herp.careers/careers/companies/rosca/jobs/-YRXXboEDjn0
herp,ROSCA株式会社,https://herp.careers/careers/companies/rosca,採用コンサルタント（RPO）,https://herp.careers/careers/companies/rosca/jobs/gVLNT2sUs7qI
herp,ROSCA株式会社,https://herp.careers/careers/companies/rosca,キャリアアドバイザー（CA）,https://herp.careers/careers/companies/rosca/jobs/Js14UoGlBvwT
herp,ROSCA株式会社,https://herp.careers/careers/companies/rosca,キャリアパートナー（ポテンシャル／第二新卒ポジション）,https://herp.careers/careers/companies/rosca/jobs/uLS0K5IBrVhi
herp,ROSCA株式会社,https://herp.careers/careers/companies/rosca,リクルーティングアドバイザー（RA）,https://herp.careers/careers/companies/rosca/jobs/v0eiFwCIyJwW
herp,株式会社シックスティーパーセント,https://herp.careers/careers/companies/sixtypercent,00_CMO候補 / マーケティング統括,https://herp.careers/careers/companies/sixtypercent/jobs/j7Z9cV7l2aGW
herp,株式会社シックスティーパーセント,https://herp.careers/careers/companies/sixtypercent,00_CTO候補,https://herp.careers/careers/companies/sixtypercent/jobs/_gNCJAg3lF86
herp,株式会社シックスティーパーセント,https://herp.careers/careers/companies/sixtypercent,00_CxO / 事業統括_オープンポジション,https://herp.careers/careers/companies/sixtypercent/jobs/A-2I3NKkqizC
herp,株式会社シックスティーパーセント,https://herp.careers/careers/companies/sixtypercent,00_ブランドセールス責任者（Brand Sales Director）,https://herp.careers/careers/companies/sixtypercent/jobs/NGbfVteobOx1
herp,株式会社シックスティーパーセント,https://herp.careers/careers/companies/sixtypercent,00_ブランドパートナー統括 / 事業責任者,https://herp.careers/careers/companies/sixtypercent/jobs/eeETZaT-xZ4t
herp,株式会社シックスティーパーセント,https://herp.careers/careers/companies/sixtypercent,00_マーケティングディレクター (Marketing Director),https://herp.careers/careers/companies/sixtypercent/jobs/tfjyh1gkZQ8H
herp,株式会社シックスティーパーセント,https://herp.careers/careers/companies/sixtypercent,02_グラフィックデザイナー / コンテンツ制作,https://herp.careers/careers/companies/sixtypercent/jobs/npL4sMbaI8r3
herp,株式会社シックスティーパーセント,https://herp.careers/careers/companies/sixtypercent,03_ブランドECコンサルティング/MD（Brand Consulting）,https://herp.careers/careers/companies/sixtypercent/jobs/m7JNsOGnXLou
herp,株式会社シックスティーパーセント,https://herp.careers/careers/companies/sixtypercent,03_ブランドセールス_China/Southeast Asia（Brand Sales）,https://herp.careers/careers/companies/sixtypercent/jobs/nqfZcm1DWlSn
herp,株式会社シックスティーパーセント,https://herp.careers/careers/companies/sixtypercent,03_ブランドセールス_Korea (Brand Sales),https://herp.careers/careers/companies/sixtypercent/jobs/-MRe38LXQLVr
herp,株式会社シックスティーパーセント,https://herp.careers/careers/companies/sixtypercent,05_プロダクトエンジニア (バックエンド) / Product Engineer (Backend),https://herp.careers/careers/companies/sixtypercent/jobs/Xx_pJozSlhkK
herp,株式会社シックスティーパーセント,https://herp.careers/careers/companies/sixtypercent,05_プロダクトエンジニア (フルスタック) / Product Engineer (Full-stack),https://herp.careers/careers/companies/sixtypercent/jobs/tW6LcITqZXUF
herp,株式会社シックスティーパーセント,https://herp.careers/careers/companies/sixtypercent,05_プロダクトエンジニア (フルスタック) / Product Engineer (Full-stack)_業務委託,https://herp.careers/careers/companies/sixtypercent/jobs/4XlwMHVx5uU4
herp,株式会社シックスティーパーセント,https://herp.careers/careers/companies/sixtypercent,05_プロダクトエンジニア (フロントエンド) / Product Engineer (Frontend),https://herp.careers/careers/companies/sixtypercent/jobs/uvJRiPB3F1rY
herp,株式会社シックスティーパーセント,https://herp.careers/careers/companies/sixtypercent,05_プロダクトエンジニア (フロントエンド) / Product Engineer (Frontend)_業務委託,https://herp.careers/careers/companies/sixtypercent/jobs/8vPhi2P2VS_n
herp,株式会社シックスティーパーセント,https://herp.careers/careers/companies/sixtypercent,05_プロダクトエンジニア (モバイル) / Product Engineer (Mobile App),https://herp.careers/careers/companies/sixtypercent/jobs/SFN8pq9nEZp5
herp,株式会社シックスティーパーセント,https://herp.careers/careers/companies/sixtypercent,05_プロダクトエンジニア (モバイル) / Product Engineer (Mobile App)_業務委託,https://herp.careers/careers/companies/sixtypercent/jobs/hgqOTJFQEmvA
herp,株式会社シックスティーパーセント,https://herp.careers/careers/companies/sixtypercent,05_プロダクトデザイナー (Product Designer),https://herp.careers/careers/companies/sixtypercent/jobs/Tg4f3djkhptX
herp,株式会社シックスティーパーセント,https://herp.careers/careers/companies/sixtypercent,05_プロダクトマネージャー (Product Manager),https://herp.careers/careers/companies/sixtypercent/jobs/P5klSYSlLvKK
herp,株式会社シックスティーパーセント,https://herp.careers/careers/companies/sixtypercent,06_経営管理 (経理 / 財務),https://herp.careers/careers/companies/sixtypercent/jobs/Dlv0nvTJf5ts
herp,株式会社シックスティーパーセント,https://herp.careers/careers/companies/sixtypercent,20_ブランドセールス_China_インターン (Brand Sales),https://herp.careers/careers/companies/sixtypercent/jobs/r3guLtcScrID
herp,株式会社シックスティーパーセント,https://herp.careers/careers/companies/sixtypercent,00_ブランドサクセス(BX)責任者（Brand Success）,https://herp.careers/careers/companies/sixtypercent/jobs/MWCxdJ2u-E1c
herp,株式会社シックスティーパーセント,https://herp.careers/careers/companies/sixtypercent,00_プロダクトグロース責任者 (Product Growth),https://herp.careers/careers/companies/sixtypercent/jobs/BG24552gQ4cT
herp,株式会社シックスティーパーセント,https://herp.careers/careers/companies/sixtypercent,01_PR Lead,https://herp.careers/careers/companies/sixtypercent/jobs/zyzcAfmaDO5Z
herp,株式会社シックスティーパーセント,https://herp.careers/careers/companies/sixtypercent,01_SNS / PR Lead,https://herp.careers/careers/companies/sixtypercent/jobs/j6BXx1vln_FU
herp,株式会社シックスティーパーセント,https://herp.careers/careers/companies/sixtypercent,02_VMD / EC運営・制作,https://herp.careers/careers/companies/sixtypercent/jobs/lTAZgqeIA8wR
herp,株式会社シックスティーパーセント,https://herp.careers/careers/companies/sixtypercent,03_ブランドサクセス(BX)_China/Southeast Asia（Brand Success）,https://herp.careers/careers/companies/sixtypercent/jobs/Gq9ciiIfB4D4
herp,株式会社シックスティーパーセント,https://herp.careers/careers/companies/sixtypercent,03_ブランドサクセス(BX)_Korea（Brand Success）,https://herp.careers/careers/companies/sixtypercent/jobs/mF9rCuGuIFL-
herp,株式会社シックスティーパーセント,https://herp.careers/careers/companies/sixtypercent,10_商品登録_業務委託/アルバイト,https://herp.careers/careers/companies/sixtypercent/jobs/AddFxS64uD1l
herp,株式会社シックスティーパーセント,https://herp.careers/careers/companies/sixtypercent,20_HR (採用/組織開発)_インターン,https://herp.careers/careers/companies/sixtypercent/jobs/enUJYTnRPkxZ
herp,株式会社シックスティーパーセント,https://herp.careers/careers/companies/sixtypercent,20_SNS_インターン,https://herp.careers/careers/companies/sixtypercent/jobs/h8zP5zs8IF59
herp,インタラクティブ株式会社,https://herp.careers/careers/companies/interactive,A-01.ジョブアンテナ_セールス（沖縄）,https://herp.careers/careers/companies/interactive/jobs/WXOAZEksAHYP
herp,インタラクティブ株式会社,https://herp.careers/careers/companies/interactive,A-02.ジョブアンテナ_セールス（福岡）,https://herp.careers/careers/companies/interactive/jobs/yfbekigiPDBo
herp,インタラクティブ株式会社,https://herp.careers/careers/companies/interactive,A-03.ジョブアンテナ_セールス（熊本）,https://herp.careers/careers/companies/interactive/jobs/hKX57U_Z3-fT
herp,インタラクティブ株式会社,https://herp.careers/careers/companies/interactive,A-04.ジョブアンテナ_セールス（京都）,https://herp.careers/careers/companies/interactive/jobs/4UFt35nWf3vW
herp,インタラクティブ株式会社,https://herp.careers/careers/companies/interactive,A-16.ジョブアンテナ_フロントエンド/バックエンドエンジニア（本社）,https://herp.careers/careers/companies/interactive/jobs/VtktsvRAAYfl
herp,インタラクティブ株式会社,https://herp.careers/careers/companies/interactive,A-26.ジョブアンテナ_マーケティング（広告運用）,https://herp.careers/careers/companies/interactive/jobs/bC-2U5_f36So
herp,インタラクティブ株式会社,https://herp.careers/careers/companies/interactive,A-29.ジョブアンテナ_セールス（鹿児島）,https://herp.careers/careers/companies/interactive/jobs/-VUmtDiV6YUk
herp,インタラクティブ株式会社,https://herp.careers/careers/companies/interactive,A-30.ジョブアンテナ_プロダクトマネージャー（本社）,https://herp.careers/careers/companies/interactive/jobs/LZg268X4BzF0
herp,インタラクティブ株式会社,https://herp.careers/careers/companies/interactive,A-31.ジョブアンテナ_セールス（愛媛）,https://herp.careers/careers/companies/interactive/jobs/t843u_KQu1LH
herp,インタラクティブ株式会社,https://herp.careers/careers/companies/interactive,A-34.ジョブアンテナ_全国複数拠点・事業開発責任者候補（本社）,https://herp.careers/careers/companies/interactive/jobs/T9uavj87dktv
herp,インタラクティブ株式会社,https://herp.careers/careers/companies/interactive,A-38.ジョブアンテナ_セールスマネージャー（福岡）,https://herp.careers/careers/companies/interactive/jobs/l_rmOp4w1mw4
herp,インタラクティブ株式会社,https://herp.careers/careers/companies/interactive,A-40.ジョブアンテナ_セールス（富山）,https://herp.careers/careers/companies/interactive/jobs/wlL_NGxJmUZI
herp,インタラクティブ株式会社,https://herp.careers/careers/companies/interactive,A-41.ジョブアンテナ_セールスマネージャー（富山）,https://herp.careers/careers/companies/interactive/jobs/pKMNccaGkGWX
herp,インタラクティブ株式会社,https://herp.careers/careers/companies/interactive,A-43.ジョブアンテナ_セールス（山形）,https://herp.careers/careers/companies/interactive/jobs/WbyEtW9Hky_6
herp,インタラクティブ株式会社,https://herp.careers/careers/companies/interactive,A-45.ジョブアンテナ_セールス（全国／転勤あり）,https://herp.careers/careers/companies/interactive/jobs/7SVcJ-Aa-BAY
herp,インタラクティブ株式会社,https://herp.careers/careers/companies/interactive,A-45.ジョブアンテナ_セールス（福岡／転勤あり）,https://herp.careers/careers/companies/interactive/jobs/dI2F-beIIJSC
herp,インタラクティブ株式会社,https://herp.careers/careers/companies/interactive,B-01.デジタルマーケティング_アカウントプランナー（本社）,https://herp.careers/careers/companies/interactive/jobs/C5mjssFKDZAd
herp,インタラクティブ株式会社,https://herp.careers/careers/companies/interactive,D-04.経営本部_経営企画（本社）,https://herp.careers/careers/companies/interactive/jobs/JVcTUMeuQF3i
herp,インタラクティブ株式会社,https://herp.careers/careers/companies/interactive,A-35.ジョブアンテナ_拠点責任者（沖縄）,https://herp.careers/careers/companies/interactive/jobs/aMYi-CApd3jf
herp,インタラクティブ株式会社,https://herp.careers/careers/companies/interactive,A-37.ジョブアンテナ_拠点責任者（福岡）,https://herp.careers/careers/companies/interactive/jobs/pZHArFd6l2jk
herp,インタラクティブ株式会社,https://herp.careers/careers/companies/interactive,A-42.ジョブアンテナ_拠点責任者（山形）,https://herp.careers/careers/companies/interactive/jobs/4CKKonDk0l8Q
herp,インタラクティブ株式会社,https://herp.careers/careers/companies/interactive,F-03.人事本部_採用担当（本社）,https://herp.careers/careers/companies/interactive/jobs/ajPTLCgFPyC8
herp,ココザス株式会社,https://herp.careers/careers/companies/cocozas,【COCO VILLA】不動産契約事務,https://herp.careers/careers/companies/cocozas/jobs/AUsO1eECE7XC
herp,ココザス株式会社,https://herp.careers/careers/companies/cocozas,【フロント】Product sales,https://herp.careers/careers/companies/cocozas/jobs/eHmkCjY9n-1G
herp,ココザス株式会社,https://herp.careers/careers/companies/cocozas,【マーケアシスタント】COCOVILLA事業で貸別荘の運営管理,https://herp.careers/careers/companies/cocozas/jobs/-VwyRZ6W5jf2
herp,ココザス株式会社,https://herp.careers/careers/companies/cocozas,【マーケティングアシスタント】COCO VILLA（宿泊/Owners）,https://herp.careers/careers/companies/cocozas/jobs/fYhmc0hw8iLX
herp,ココザス株式会社,https://herp.careers/careers/companies/cocozas,【マーケティングアシスタント】コーポレートブランディング,https://herp.careers/careers/companies/cocozas/jobs/CG-PoL51EBEM
herp,ココザス株式会社,https://herp.careers/careers/companies/cocozas,【人事メンバー】事業成長を支える“攻めの人事”,https://herp.careers/careers/companies/cocozas/jobs/1FEm_1N3AFIL
herp,ココザス株式会社,https://herp.careers/careers/companies/cocozas,【新規事業推進】1棟貸しVILLAのプロジェクト管理と施工監督,https://herp.careers/careers/companies/cocozas/jobs/RamiWBFw9XQZ
herp,ココザス株式会社,https://herp.careers/careers/companies/cocozas,【新規事業推進】未経験歓迎！不動産開発業務（仕入れ・開発）,https://herp.careers/careers/companies/cocozas/jobs/VqY7n49ftjXY
herp,ココザス株式会社,https://herp.careers/careers/companies/cocozas,人事アシスタント,https://herp.careers/careers/companies/cocozas/jobs/e1fj7_nC_fEA
herp,ココザス株式会社,https://herp.careers/careers/companies/cocozas,経理メンバー,https://herp.careers/careers/companies/cocozas/jobs/-tbsU0rYgUti
herp,ココザス株式会社,https://herp.careers/careers/companies/cocozas,経理責任者,https://herp.careers/careers/companies/cocozas/jobs/f-0UR9xkQEJF
herp,ココザス株式会社,https://herp.careers/careers/companies/cocozas,【COCO VILLA】宿泊管理・運営改善/事業運営,https://herp.careers/careers/companies/cocozas/jobs/4PNRXyBs5HkZ
herp,ココザス株式会社,https://herp.careers/careers/companies/cocozas,宅建士（限定求人）,https://herp.careers/careers/companies/cocozas/jobs/4o8KQfMJ0wFQ
herp,ココザス株式会社,https://herp.careers/careers/companies/cocozas,貸別荘の施設管理・修繕スタッフ（全国各地の別荘運営）,https://herp.careers/careers/companies/cocozas/jobs/AQfpFE4ohbqT
herp,ココザス株式会社,https://herp.careers/careers/companies/cocozas,！京都市内エリア限定求人！【新規事業】別荘事業で貸別荘の運営管理（社宅＆社用車用意/水道光熱費会社負担）,https://herp.careers/careers/companies/cocozas/jobs/0PFgrCpvHivw
herp,ココザス株式会社,https://herp.careers/careers/companies/cocozas,！伊豆エリア限定求人！【新規事業】別荘事業で貸別荘の運営管理（社宅＆社用車用意/水道光熱費会社負担）,https://herp.careers/careers/companies/cocozas/jobs/vfR84AZxeuEh
herp,ココザス株式会社,https://herp.careers/careers/companies/cocozas,！安曇野/白馬エリア限定求人！【新規事業】別荘事業で貸別荘の運営管理（社宅＆社用車用意/水道光熱費会社負担）,https://herp.careers/careers/companies/cocozas/jobs/UCzk3kHmqyNr
herp,ココザス株式会社,https://herp.careers/careers/companies/cocozas,！富士五湖 限定求人！【新規事業】別荘事業で貸別荘の運営管理（社宅＆社用車用意/水道光熱費会社負担）,https://herp.careers/careers/companies/cocozas/jobs/tlYZOoSWjFxX
herp,ココザス株式会社,https://herp.careers/careers/companies/cocozas,！軽井沢 限定求人！【新規事業】別荘事業で貸別荘の運営管理（社宅＆社用車用意/水道光熱費会社負担）,https://herp.careers/careers/companies/cocozas/jobs/f9be2QSU9h4E
herp,ココザス株式会社,https://herp.careers/careers/companies/cocozas,！那須エリア 限定求人！【新規事業】別荘事業で貸別荘の運営管理（社宅＆社用車用意/水道光熱費会社負担）,https://herp.careers/careers/companies/cocozas/jobs/ZM1JV8aTAjf-
herp,株式会社UMITO,https://herp.careers/careers/companies/umito,UMITOシェア販売営業,https://herp.careers/careers/companies/umito/jobs/I_ahfKqVZBsK
herp,株式会社UMITO,https://herp.careers/careers/companies/umito,インサイドセールス,https://herp.careers/careers/companies/umito/jobs/njbe9DUXMvBW
herp,株式会社UMITO,https://herp.careers/careers/companies/umito,プライベートバンカー(コンサルティング),https://herp.careers/careers/companies/umito/jobs/8gMPjfhBysYH
herp,株式会社UMITO,https://herp.careers/careers/companies/umito,プロジェクトマネージャー（ホテル・レストラン開発）,https://herp.careers/careers/companies/umito/jobs/AWOr-Mow487K
herp,株式会社UMITO,https://herp.careers/careers/companies/umito,人事担当者（スタートアップ企業の人事労務担当）,https://herp.careers/careers/companies/umito/jobs/Sobyuheu_CAJ
herp,株式会社UMITO,https://herp.careers/careers/companies/umito,法人営業（責任者候補）,https://herp.careers/careers/companies/umito/jobs/WY-KeLLkqqIU
herp,株式会社UMITO,https://herp.careers/careers/companies/umito,法務・コンプライアンスオフィサー候補,https://herp.careers/careers/companies/umito/jobs/QbxZWJ0E5bO0
herp,株式会社UMITO,https://herp.careers/careers/companies/umito,インターン募集,https://herp.careers/careers/companies/umito/jobs/Rgx35r0az2LG
herp,株式会社UMITO,https://herp.careers/careers/companies/umito,オーナーリレーション（CRM）新規部門責任者（候補）,https://herp.careers/careers/companies/umito/jobs/dgC20R0vpY8f
herp,株式会社UMITO,https://herp.careers/careers/companies/umito,カジュアル面談,https://herp.careers/careers/companies/umito/jobs/u179nZLP5IMA
herp,株式会社UMITO,https://herp.careers/careers/companies/umito,ナイトスタッフ（アルバイト）,https://herp.careers/careers/companies/umito/jobs/Wb_tnta0pNYi
herp,株式会社UMITO,https://herp.careers/careers/companies/umito,ホテル運営スタッフ,https://herp.careers/careers/companies/umito/jobs/A0DHvciA24yW
herp,株式会社UMITO,https://herp.careers/careers/companies/umito,ホテル運営スタッフ(支配人候補),https://herp.careers/careers/companies/umito/jobs/SNe-QK2pYAut
herp,株式会社UMITO,https://herp.careers/careers/companies/umito,ホテル運営スタッフ（アルバイト）,https://herp.careers/careers/companies/umito/jobs/kqP5t8wGyZGB
herp,株式会社UMITO,https://herp.careers/careers/companies/umito,ラグジュアリーホテル＆レストラン運営を活性化させるPR/販促/旅行ツアー企画担当,https://herp.careers/careers/companies/umito/jobs/DvLqmGR9nGss
herp,株式会社UMITO,https://herp.careers/careers/companies/umito,宿泊販売システムオペレーション担当 兼 ホテル開業サポート,https://herp.careers/careers/companies/umito/jobs/SHU9A_rt3aB5
herp,株式会社UMITO,https://herp.careers/careers/companies/umito,料理人,https://herp.careers/careers/companies/umito/jobs/kQvevh-3MbbS
herp,株式会社UMITO,https://herp.careers/careers/companies/umito,料理人(料理長候補),https://herp.careers/careers/companies/umito/jobs/__uutyS7PmiJ
herp,株式会社UMITO,https://herp.careers/careers/companies/umito,施設管理者（本社採用）,https://herp.careers/careers/companies/umito/jobs/O2T481leg8Eq
herp,株式会社UMITO,https://herp.careers/careers/companies/umito,海外事業立ち上げメンバー募集,https://herp.careers/careers/companies/umito/jobs/QO6LqAlX9MmW
herp,株式会社LESS PLUS DESIGN,https://herp.careers/careers/companies/lpdcoltd,管理部 / 採用・労務・総務（正社員）,https://herp.careers/careers/companies/lpdcoltd/jobs/SUhJ9VVdeG5X
herp,株式会社LESS PLUS DESIGN,https://herp.careers/careers/companies/lpdcoltd,CRM・SNS・EC運用 / コンテンツ企画（正社員）,https://herp.careers/careers/companies/lpdcoltd/jobs/TPZbs5_MVe-g
herp,株式会社LESS PLUS DESIGN,https://herp.careers/careers/companies/lpdcoltd,EC・SNSアシスタント（アルバイト／インターン）※インターンは 大学生・大学院生限定,https://herp.careers/careers/companies/lpdcoltd/jobs/_gkYxrKKXmRY
herp,株式会社LESS PLUS DESIGN,https://herp.careers/careers/companies/lpdcoltd,アトリエ アシスタント（アルバイト／インターン） ※インターンは 大学生・大学院生限定,https://herp.careers/careers/companies/lpdcoltd/jobs/E9oD678dggQa
herp,株式会社LESS PLUS DESIGN,https://herp.careers/careers/companies/lpdcoltd,アトリエスタッフ（企画アシスタント／パターンアシスタント／生産管理）,https://herp.careers/careers/companies/lpdcoltd/jobs/QwCoQ8zPS9w5
herp,株式会社LESS PLUS DESIGN,https://herp.careers/careers/companies/lpdcoltd,パーソナルスタイリスト / 接客（正社員）,https://herp.careers/careers/companies/lpdcoltd/jobs/bdKk1swKqb_8
